<?xml version="1.0" encoding="UTF-8"?>
<Workspace name="security">
        <!--
            virtual file system of the workspace:
            class: FQN of class implementing the FileSystem interface
        -->
        <FileSystem class="org.apache.jackrabbit.core.fs.local.LocalFileSystem">
            <param name="path" value="${wsp.home}"/>
        </FileSystem>
        <!--
            persistence manager of the workspace:
            class: FQN of class implementing the PersistenceManager interface
        -->
        <PersistenceManager class="org.apache.jackrabbit.core.persistence.pool.DerbyPersistenceManager">
          <param name="url" value="jdbc:derby:${wsp.home}/db;create=true"/>
          <param name="schemaObjectPrefix" value="${wsp.name}_"/>
        </PersistenceManager>
        <!--
            Search index and the file system it uses.
            class: FQN of class implementing the QueryHandler interface
        -->
        <SearchIndex class="org.apache.jackrabbit.core.query.lucene.SearchIndex">
            <param name="path" value="${wsp.home}/index"/>
            <param name="supportHighlighting" value="true"/>
        </SearchIndex>
    </Workspace>
